{"train_dice": 0.007149927318096161, "train_loss": 0.9928500652313232, "val_dice": 0.007154728285968304, "_runtime": 28, "_timestamp": 1643242434, "_step": 99}