{"train_dice": 0.9782048463821411, "train_loss": -0.9782048463821411, "val_dice": 0.9783688187599182, "_runtime": 27, "_timestamp": 1643239988, "_step": 99}