{"train_dice": 0.9679532647132874, "train_loss": 0.032046735286712646, "val_dice": 0.9677995443344116, "_runtime": 27, "_timestamp": 1643239504, "_step": 99}