{"train_dice": 0.9663089513778687, "train_loss": 0.03369104862213135, "val_dice": 0.9657772779464722, "_runtime": 26, "_timestamp": 1643238832, "_step": 99}