{"train_dice": 0.9854621291160583, "train_loss": 0.01453787088394165, "val_dice": 0.9851577877998352, "_runtime": 25, "_timestamp": 1643238058, "_step": 99}