{"train_dice": 0.9670578241348267, "train_loss": 0.03294217586517334, "val_dice": 0.96659916639328, "_runtime": 26, "_timestamp": 1643238392, "_step": 99}