{"train_dice": 0.007295908872038126, "train_loss": 0.9927040934562683, "val_dice": 0.007295205257833004, "_runtime": 2136, "_timestamp": 1643247340, "_step": 1000, "test_dice": 0.0072957491502165794, "_wandb": {"runtime": 2137}}