{"train_dice": 0.9692975878715515, "train_loss": 0.030702412128448486, "val_dice": 0.9689410328865051, "_runtime": 25, "_timestamp": 1643238956, "_step": 99}