{"train_dice": 0.007117375265806913, "train_loss": 0.9928826093673706, "val_dice": 0.00711741391569376, "_runtime": 2180, "_timestamp": 1643245117, "_step": 1000, "test_dice": 0.007117343135178089, "_wandb": {"runtime": 2182}}