{"train_dice": 0.9588193297386169, "train_loss": 0.04118067026138306, "val_dice": 0.9591144919395447, "_runtime": 26, "_timestamp": 1643238599, "_step": 99}