{"train_dice": 0.9599449634552002, "train_loss": 0.040055036544799805, "val_dice": 0.9595723152160645, "_runtime": 25, "_timestamp": 1643239153, "_step": 99}