{"train_dice": 0.977459192276001, "train_loss": 0.022540807723999023, "val_dice": 0.9773213267326355, "_runtime": 19, "_timestamp": 1643237885, "_step": 99}