{"train_dice": 0.9736209511756897, "train_loss": 0.026379048824310303, "val_dice": 0.9732393026351929, "_runtime": 26, "_timestamp": 1643238552, "_step": 99}