{"train_dice": 0.9607537984848022, "train_loss": 0.039246201515197754, "val_dice": 0.9605871438980103, "_runtime": 26, "_timestamp": 1643237537, "_step": 102, "test_dice": 0.9602449536323547}