{"train_dice": 0.986937940120697, "train_loss": 0.013062059879302979, "val_dice": 0.9868993759155273, "_runtime": 26, "_timestamp": 1643237197, "_step": 99, "_wandb": {"runtime": 27}}