{"train_dice": -0.9570659399032593, "train_loss": -499.9994812011719, "val_dice": -0.961866021156311, "_runtime": 526, "_timestamp": 1643242080, "_step": 100, "test_dice": -0.9714995622634888, "_wandb": {"runtime": 527}}