{"train_dice": 1.9415979385375977, "train_loss": -0.9415979385375977, "val_dice": 1.9462283849716187, "_runtime": 26, "_timestamp": 1643239875, "_step": 99}