{"train_dice": 0.9742881059646606, "train_loss": 0.025711894035339355, "val_dice": 0.9741261005401611, "_runtime": 26, "_timestamp": 1643238893, "_step": 99}