{"train_dice": -0.7603497505187988, "train_loss": 0.9929643869400024, "val_dice": -0.7648633718490601, "_runtime": 26, "_timestamp": 1643242182, "_step": 99}