{"train_dice": 0.9831980466842651, "train_loss": 0.016801953315734863, "val_dice": 0.9832364916801453, "_runtime": 25, "_timestamp": 1643239748, "_step": 99}