{"train_dice": 0.970211923122406, "train_loss": 0.029788076877593994, "val_dice": 0.9700818657875061, "_runtime": 26, "_timestamp": 1643237344, "_step": 99}