{"train_dice": 0.9476439356803894, "train_loss": 0.052356064319610596, "val_dice": 0.9474759697914124, "_runtime": 25, "_timestamp": 1643237297, "_step": 99}