{"train_dice": -0.929590106010437, "train_loss": -0.929590106010437, "val_dice": -0.934032678604126, "_runtime": 27, "_timestamp": 1643240980, "_step": 99}