{"train_dice": 0.9773139953613281, "train_loss": 0.022686004638671875, "val_dice": 0.9774996042251587, "_runtime": 25, "_timestamp": 1643239104, "_step": 99}